subhalo_id,subhalo_flag,logmass,logmass0,logmass1,logmass4,SubhaloCM_x,SubhaloCM_y,SubhaloCM_z,SubhaloVel_x,SubhaloVel_y,SubhaloVel_z,SubhaloHalfmassRad,MassInMaxRad,SubhaloVmax,SubhaloVmaxRad
8,1,11.647152,10.393283,11.583234,10.555261,8072.731934,24390.03125,20883.591797,-913.311584,435.267853,270.353333,30.863125,10.063348,191.930206,0.9512459999999999
11,1,11.425411,9.980780000000001,11.343677,10.557160000000001,7052.748535,23818.259766,20350.101562,-538.551453,-294.42355299999997,-505.909088,16.972178,10.899754,164.30688500000002,8.905804
17,1,11.347348,9.895883999999999,11.314726,9.914086,6441.108397999999,24251.0625,20290.275391,152.550003,323.026154,813.4376219999999,27.491996999999998,10.279755,129.189194,3.4557550000000004
19,1,11.280244999999999,10.199933,11.228812,9.73479,7591.960937999999,23699.552734,21383.580078,-849.522217,518.035889,212.959473,19.645016000000002,10.953233,121.560822,18.402559
29,1,11.070246000000001,9.642655,11.031786,9.743364999999999,8017.576172,24417.417969,21511.207031,190.02117900000002,-407.68737799999997,-1069.7929689999999,15.483538000000001,9.829009,131.933731,1.1736950000000002
37,1,10.944833000000001,9.696527,10.899481,9.574122000000001,6931.454102,24532.080078,20779.855469,461.153168,54.69335600000001,1093.195068,15.469870000000002,10.462714,95.565742,9.623796
44,1,10.846364,9.731142,10.786874000000001,9.555515,7622.302245999999,24506.121094,21489.603516,-799.403564,761.8710940000001,-1067.6759029999998,11.442174000000001,10.285476,100.27775600000001,5.811751
45,1,10.925097000000001,9.702765,10.889669999999999,9.188383,6876.706055,23465.779297,20563.972656,-233.831558,339.222015,828.892273,19.681735999999997,10.341666,83.97758499999999,9.431439
63865,1,12.264796,10.206934,12.174301,11.517632,23486.453125,15643.144531,3282.9892579999996,99.568977,-145.883926,-105.746696,26.864632,10.855052,459.273376,1.028347
63866,1,12.039026,9.626183000000001,11.92511,11.393847000000001,23856.294922,14952.481445,2655.589844,31.633215000000003,-18.928288000000002,-32.736156,20.425767999999998,10.770187,413.165833,1.045133
63867,1,11.924012,10.607455999999999,11.850628,10.953272,23614.328125,14731.089844,3039.529541,124.51723500000001,418.272736,906.900818,23.758923,10.408603999999999,280.869965,0.983614
63868,1,11.730267,10.353069999999999,11.640528999999999,10.889841,23875.734375,15162.935547,3072.141602,96.098129,-1022.682434,-470.38027999999997,15.982689,10.237584,250.915909,0.8313010000000001
63869,1,11.780737,10.436208,11.724967999999999,10.656327000000001,24192.878906,14906.217772999998,2984.8017579999996,-612.7525019999999,373.684967,-209.34393300000002,28.310984,10.056075,205.205399,0.818329
63870,1,11.704526,10.512852,11.627398,10.696302000000001,23660.552734,15424.677734,3036.643555,492.39013700000004,-947.426025,-441.855469,20.158673999999998,10.342121,275.056305,0.88005
63871,1,11.704503,10.333894,11.661442999999998,10.416929,23754.527344,14798.180663999998,3712.6457520000004,-455.86859100000004,439.303558,-201.368942,29.249588,10.055885,205.695206,0.81408
63872,1,11.589683,10.167321000000001,11.524633999999999,10.594866,23833.787109,15089.09668,3445.555908,536.165161,-825.527771,-137.833649,17.353226,11.094396000000001,192.623398,10.144006
63877,1,11.232285000000001,9.825439,11.18678,10.011657000000001,23939.501953,15232.226562,3337.6088870000003,279.93255600000003,-647.9111330000001,635.289185,15.542138000000001,10.656048,132.635712,7.79754
63881,1,11.089396,9.688558,11.051608,9.727678,23327.863281,15817.444336000002,2687.581543,349.30484,273.855103,165.076828,17.817188,10.41028,110.18251799999999,6.416297
63889,1,10.937083,9.673744000000001,10.897138,9.458689,23644.861328,15376.649413999998,3295.435547,1034.631714,-742.324524,294.783112,11.949504,10.474226,106.099396,8.017458999999999
63890,1,10.903336,9.881432,10.85561,8.854085000000001,23682.095703,16474.226562,3302.108643,213.636841,-594.204041,157.391663,20.036998999999998,10.220821,81.390984,7.60169
63892,1,10.922888,9.688276,10.890533999999999,9.050854,23262.556641,15758.405272999998,3620.131348,372.307465,-569.493713,-542.583618,19.582373,10.328835,86.931152,8.545221000000002
63909,1,10.664357,9.609341,10.620242999999999,8.593065,23185.085938,16311.686522999998,2842.14209,302.577881,-497.08456399999994,294.75482200000005,16.790859,10.145903,66.996307,9.441374
96763,1,12.181237,10.260983999999999,12.153739999999999,10.873137,26455.673828,7147.359375,3270.2146,278.760406,263.414001,293.22402999999997,60.930115,10.788528,253.52455099999997,2.895485
96765,1,11.765642,10.711408,11.697141,10.524967,27084.507812,7279.45752,4484.925781,384.111298,457.84612999999996,-373.59500099999997,28.003914,10.143314,191.28643799999998,1.151273
96773,1,11.230021,9.873252,11.181474,10.019618,27366.785156,7814.451172,3579.36084,156.029617,-119.33786,-350.72879,28.461884,9.872697,131.31752,1.310039
96774,1,11.292193,10.033261,11.257571,9.622896,26299.451172,7246.820312000001,3072.234375,43.709305,385.20300299999997,425.81487999999996,29.243614,10.148465,121.307503,2.896896
117251,1,12.715874000000001,11.182425,12.671854,11.541917,15852.063477000002,29990.886719,26476.662109,109.699173,-336.54071,-405.832794,83.47802,10.815164,467.49081399999994,0.905422
117254,1,11.992264,10.908976,11.921499,10.823028,15675.308594,29665.794922000005,26536.556641,-478.372101,-259.796448,-126.805672,41.679375,11.288192,213.869141,12.856625
117255,1,12.014235000000001,10.883704,11.954805,10.743367,15325.089844,29460.751952999995,26849.775391000003,447.699005,-88.34616899999999,-418.564117,41.012229999999995,10.235197,273.580627,0.695437
117256,1,11.601053,10.344305,11.467606,10.920591,15329.556641,29357.507812,25814.892578,-28.634731,419.739471,-345.305908,12.858801,10.231895,295.09314,0.59321
117257,1,11.704166,10.380816000000001,11.663461999999999,10.326442,16309.875977000002,29457.511719,26606.896484,-292.865814,-406.86489900000004,152.040924,43.213535,10.992514,151.421234,12.982916000000001
117258,1,11.582417,10.062156,11.530361,10.498786,16255.951172,29240.335938,26132.267578,-218.30542000000003,-127.536736,214.06327799999997,29.027572999999997,10.209688,198.65063500000002,1.243768
117260,1,11.467149000000001,10.559658,11.374504,10.301546,15702.835938,29237.076172000005,25753.494141,610.639404,436.73382599999997,226.80888399999998,19.294781,11.101299000000001,152.30195600000002,16.486126000000002
117263,1,11.272273,10.291518,11.182364,10.187953,15716.21582,30104.636719,26564.794922,238.25787400000002,-2.265597,-543.756653,14.517904000000001,10.736334,143.627167,8.000026
117264,1,11.321507,10.144413,11.257563000000001,10.167972,15546.99707,29724.558594,26139.523438,-258.947205,-553.772644,128.13108799999998,17.498745,9.802225,141.098465,0.964807
117265,1,11.232975,10.083909,11.139583,10.320461,16020.233397999998,29011.277344,25881.105469,156.157242,-415.98114,231.692398,11.653591,10.655292,153.815674,5.787958000000001
117266,1,10.999029,10.221107,10.766791,10.391757,15329.336913999998,29480.855469,26868.074219,216.936127,-123.244606,-499.783051,5.317456,10.729105,168.658707,5.705831
117267,1,11.267653999999999,9.788368,11.210367,10.223243,16197.446288999998,29405.482422000005,25610.884766,203.463074,-69.512764,77.796906,16.091155999999998,10.656665,146.04496799999998,6.4406
117268,1,11.191608,9.989688000000001,11.124416,10.096391,16327.040038999998,29044.433594,25933.691406,176.686218,-205.868774,142.408096,17.104382,10.528381,132.6772,5.80796
117269,1,11.226859,10.238608000000001,11.161709,9.788893,16019.427734,29967.597656,26319.599609,243.346191,-616.700867,-174.22229,16.559603,10.904507,124.27726000000001,15.738238
117270,1,11.153528,9.989765,11.081782,10.075353,15802.830078,28934.533202999995,25761.757812,74.088081,-367.622589,219.222321,14.354906,10.556001,126.83054399999999,6.773111999999999
117272,1,10.973184,9.933183,10.868103,10.06471,15667.460938,29600.824219,26457.117188,-422.70437599999997,-241.60992400000003,-209.341812,9.199178,10.061233999999999,135.716629,1.893232
117280,1,10.827078,9.695879,10.774447,9.429993,15644.066406,29601.132812,26663.888672,-344.646362,-402.501892,55.204781000000004,14.231086999999999,10.194892,86.520767,6.337145
117291,1,10.629211,9.843662,10.545628,8.679224000000001,15286.046875,28814.857422000005,26450.884766,-8.329514999999999,428.31210300000004,-545.879272,16.239662,10.109003999999999,65.404083,9.099728
143881,1,12.734589,11.380262,12.690386,11.454335,19896.052734,4876.937011999999,31212.171875,355.978699,-39.190360999999996,49.218502,90.170563,10.777838000000001,422.3797,1.0178049999999998
143882,1,12.541362,11.137215,12.487091,11.432684,21913.775391,5525.77002,31517.316406,-394.563263,-51.088017,-133.777222,59.504794999999994,8.791711,531.463989,0.0066370000000000005
143883,1,12.274691,10.366071,12.217775999999999,11.316902,21273.419922,5485.830078,31021.382812,-79.521416,-82.538528,159.19801299999997,37.503662,10.763081,420.706879,0.9916360000000001
143884,1,12.107356,10.377998,12.019338000000001,11.323341000000001,21148.798828,5508.132324,31218.552733999997,-328.105438,-171.284607,88.80252800000001,23.503639,10.591951,362.217529,0.902075
143885,1,11.968891000000001,10.477611999999999,11.837049,11.329027,21058.298828,5296.894043,31073.417969,35.105098999999996,45.593029,79.702805,14.502459,10.796257,435.209137,1.00021
143886,1,11.648146,10.407489,11.437594,11.161452,20970.376953,5131.921386999999,31051.601562,263.251648,330.112732,205.56956499999998,7.939913000000001,10.553047,321.423187,1.047427
143887,1,11.815666,10.311900999999999,11.740445,10.921012,20882.617188,5381.598633,31387.951172000005,-398.184052,-119.879906,235.960953,20.119267999999998,10.342147,275.245117,0.8788969999999999
143888,1,11.635972,9.924182,11.509517,11.002786,21034.298828,5319.401855,30869.025391000003,4.117062000000001,-165.16308600000002,313.683197,11.347679,10.556144999999999,339.851318,0.943632
143889,1,11.065119000000001,9.916495,10.874985,10.516086999999999,21333.726562,5516.864746,31080.488281,22.364276999999998,-157.012909,83.367935,5.5126040000000005,10.117322,201.68338,0.975499
143890,1,11.299653999999999,9.952955000000001,11.249156,10.109964999999999,20628.945312,5398.62793,31337.169922000005,398.831848,-483.83654800000005,-175.925598,19.913563,10.443189,134.757385,4.627226
143893,1,11.048639999999999,10.054877000000001,10.991549000000001,9.384596,20035.429688,5102.751953,31307.974608999997,3.071365,256.356812,-186.253738,19.230158,10.595777,95.651306,13.050428
143894,1,11.076934,9.635736999999999,11.050507000000001,9.433784,21060.330078,5579.302734000001,31636.486327999995,-490.157227,-300.336548,-59.174393,20.872889,10.324407,98.636887,6.5698929999999995
143896,1,10.875261,9.782821,10.80931,9.652743,21477.982422,5643.628418,30891.404297000005,-12.315042,409.27243,524.068604,11.511536,10.329714,101.989929,6.2205580000000005
143897,1,10.8702,9.77205,10.818342999999999,9.384125,19766.751953,4699.890625,31243.652344,496.603638,239.518356,32.341438000000004,13.616810999999998,10.321675,92.274475,7.460211999999999
143898,1,10.889878999999999,9.721029,10.853335000000001,8.997407,19763.574219,4825.695312,30956.855469,17.978428,-75.680588,-39.259651,16.383837,10.24114,87.764877,6.850778
167393,1,12.915421,11.599098,12.868395,11.649881,17228.904297,34433.078125,28915.982422000005,-131.381454,49.034683,135.642853,89.969376,10.964853,463.010834,1.302871
167394,1,12.332235,10.976836,12.273425999999999,11.247792,17513.917969,34373.347656,28404.589844,226.481873,347.85257,78.500916,55.447254,10.543127,350.585571,0.8605360000000001
167395,1,11.971728,10.618799000000001,11.881703,11.125257000000001,17153.707031,250.47451800000002,29433.59375,167.084579,-212.83035299999997,-409.625031,23.850832,10.60188,362.921021,0.919359
167396,1,11.677823,10.235127,11.627966,10.53682,17236.65625,34860.746094,29267.751952999995,-231.575302,345.730591,-329.684753,28.403999,10.605644999999999,175.113724,3.9832669999999997
167397,1,11.268628999999999,10.081896,11.159578999999999,10.463722,17110.121094,34343.101562,29091.748047000005,-284.10849,132.19851699999998,25.830404,9.421091,10.788233,178.426605,5.841799
167400,1,11.245384,10.105354,11.185082000000001,10.002186,17137.654297,34998.207031,29058.103516000003,-78.267891,-318.999573,153.65121499999998,17.673761,10.821627000000001,124.97923300000001,12.858238
167403,1,11.101536,9.725844,11.066236,9.656021,16765.060547,373.36328100000003,29815.210938,4.099009,171.19545,-406.859619,17.449717,10.528787,113.80098000000001,7.901878
184932,1,12.034891,9.997059,11.963791,11.186053,24151.845703,4986.638672,5289.721191,63.47736,98.001007,152.37651100000002,25.632355,10.536703999999999,314.391846,1.0543690000000001
184933,1,11.939657,10.927666,11.877752000000001,10.489922,24169.742188,4475.851074,6613.447265999999,119.35122700000001,339.953156,-440.4487,42.216251,11.656343,176.710693,43.959019
184935,1,11.334546000000001,9.810181,11.114474000000001,10.898175,23952.966797,4823.490723,5729.173828,-464.489441,-106.63768799999998,-250.14061,5.327575,10.566937,361.29537999999997,0.8559389999999999
184936,1,11.468346,10.371089,11.368957,10.563347,23306.611328,4954.6875,5576.867676,68.05841099999999,-30.540616999999997,-58.186896999999995,17.085068,11.012931,163.93692,11.609385000000001
184938,1,11.483203999999999,10.554803999999999,11.417957000000001,9.816211000000001,24019.921875,4490.25293,6050.819336,-33.346844,697.031555,-84.739548,33.021065,11.208007,118.162155,35.017196999999996
184939,1,11.429494,10.086291000000001,11.374305,10.295689,24160.285156,4685.414551,5803.138672,-383.580658,506.516602,-321.96911600000004,18.380985,9.969185000000001,230.55001800000002,0.5307689999999999
184940,1,11.1719,9.67324,11.064817999999999,10.442018,24245.589844,4817.519043,6248.620605,143.182343,15.078507,-99.810158,11.299169000000001,9.945005,188.70001200000002,0.749398
184941,1,11.310482,9.988116999999999,11.267821000000001,9.971726,24577.191406,4421.773926,5946.178711,-131.283386,404.713135,-373.94189500000005,23.145857,10.42596,137.90596000000002,4.2465
184950,1,10.835709,9.815697,10.778691,9.274166000000001,23744.578125,4934.507812,5300.135254,656.854614,60.628657999999994,363.243225,14.546281,10.482517999999999,84.638512,12.841377
184957,1,10.318788,9.680109,10.160333999999999,9.197757000000001,24011.539062,4497.415039,6054.646973,59.282978,739.6375730000001,-122.349602,3.5091660000000005,10.170767999999999,96.03112800000001,4.8661650000000005
198183,1,11.263222,9.778852,11.199246,10.278456,31818.466797000005,30201.794922000005,12027.5,-463.62963899999994,-457.81726100000003,41.543514,12.958057,10.022978,203.173462,0.7735569999999999
198184,1,11.208364,10.215247,11.124784,10.073717,32130.263672000005,30113.146483999997,12603.251953,-226.76915,36.144653000000005,-481.779358,15.890701000000002,10.551267999999999,134.937241,5.918883
198185,1,10.931653,9.806524000000001,10.731864999999999,10.398789,31876.851562,30241.423827999995,12261.856445,-227.63792400000003,173.820129,70.115997,6.2943489999999995,10.526702,144.541473,4.87475
208812,1,12.186309,11.059265,12.131081,10.83647,3757.3867189999996,19487.414062,13260.902344,241.69305400000002,-101.213936,-231.9431,66.24652900000001,10.041961,230.86529500000003,0.62588
208813,1,11.266603,10.055703,11.176542999999999,10.365468,3231.151611,18700.445312,12985.007812,67.691299,179.32093799999998,261.644409,13.4967,10.738334,147.782654,7.591322999999999
208814,1,11.224836999999999,10.088021000000001,11.161678,10.018868,3324.996582,18686.509766,12896.242188,527.907471,193.403885,-50.446053000000006,17.189041,10.440812,136.003601,4.518019000000001
208815,1,11.222432000000001,10.310825999999999,11.159075999999999,9.340928,3480.299072,18114.037109,13027.950195,285.988098,226.81578100000002,184.554596,24.197308,10.755771000000001,105.396652,15.536397000000001
208817,1,10.703314,9.622358,10.525667,10.104477000000001,3786.822754,19502.927734,13268.162109,71.53274499999999,-86.654503,-184.052536,3.686203,9.638387,173.04634099999998,0.43984399999999996
208825,1,10.58287,9.771103,10.49259,9.105622,3704.175293,18833.083984,13090.883789,-832.8751219999999,-160.715881,408.795502,8.123488,10.319528,84.626312,8.825689
220596,1,11.942502000000001,9.858641,11.774495,11.436297999999999,9536.510742,8935.369141,2234.341309,-10.061760000000001,-37.803596,-30.245226000000002,11.539114999999999,10.902413000000001,489.530518,1.009452
220597,1,11.492363000000001,10.363147999999999,11.35101,10.800241,9502.246094,8909.273438,2316.592041,-629.556946,94.09925799999999,208.62536599999999,10.056055,11.100699,217.266006,8.089974
220598,1,11.239048,10.369253,11.118816,10.267398,9539.911133,8980.191406,2023.581299,-47.46402,-84.021805,255.374588,11.680413,10.889431,150.392853,10.380278
220599,1,11.045181,9.892116,10.938928,10.210104,9346.888672,8813.698242,1915.918091,66.09668,-103.648064,-149.813965,9.588462,9.849563999999999,165.02034,0.786538
220600,1,11.106278999999999,9.709822,11.034334,10.15677,9920.019531,8664.287109,2314.680664,-63.735279000000006,261.981842,-293.720642,11.356862,10.391618,140.434189,3.783642
220602,1,11.177685,9.746961,11.145785,9.704378,9114.880859,8548.77832,2336.614746,147.406876,-200.69252,-447.862671,21.401182000000002,10.393532,121.064613,5.11362
229934,1,11.920586,9.99504,11.879292999999999,10.815222,11.245595,30524.257812,19134.291016,73.397713,-175.991287,-436.895447,28.384854999999998,10.561961,356.839142,0.867455
229935,1,11.695276,10.199911,11.615748,10.825954,34782.03125,30231.113281,18977.833984,-255.101608,-141.642868,-21.371035,21.770185,10.440934,229.631454,1.5852620000000002
229936,1,11.683973,10.633578,11.595263000000001,10.663227000000001,552.486023,29826.1875,19381.771484,221.15217599999997,-165.49041699999998,-126.750351,29.180103000000003,10.03471,264.514343,0.468858
229937,1,11.73284,10.007658000000001,11.702736,10.412623,34684.136719,30026.449219,19316.21875,228.08757000000003,-275.099945,379.569031,34.845646,10.036384,233.95930499999997,0.601637
229939,1,10.919667,9.830072999999999,10.839967,9.85472,460.819122,30098.828125,19318.800781,246.976593,-120.38079099999999,-506.440491,10.290771000000001,10.433513,113.126129,6.42124
229942,1,10.838610000000001,9.980928,10.765941,9.022718,34812.632812,30465.486327999995,18709.242188,225.81874100000002,-497.66363499999994,226.189972,16.877205,10.456074000000001,79.51589200000001,13.689782999999998
242789,1,12.369850999999999,10.712784,12.299425999999999,11.475013,21457.849609,20106.642578,15752.856445,23.881933,-151.749557,-398.944733,33.184715000000004,10.717651,401.243622,0.9818959999999999
242790,1,12.326126,10.967439,12.25357,11.366723,21422.712891,19723.748047,15763.088866999999,-45.391174,255.121643,-199.14695700000001,34.047855,10.635246,395.260498,0.8369690000000001
242791,1,11.371785000000001,9.935134,11.257726,10.659088,21525.761719,20207.681641,15676.101562,-113.641792,-475.19393899999994,-242.334137,10.76469,10.028721,212.60762000000003,0.715832
242793,1,10.983692,9.666578,10.785702,10.485109,21561.980469,19852.748047,15666.324219,-16.625456,16.102175,437.22708099999994,6.340065,10.042518,167.65097,1.188333
242794,1,11.174741000000001,10.034775999999999,11.085827,10.225760000000001,21132.619141,19719.324219,15589.900391,6.119307,174.585373,-172.623764,11.550455,10.496847,144.745178,4.5381089999999995
242796,1,10.998418,9.729447,10.964226,9.337153,21439.003906,19572.056641,15988.069336000002,-208.291153,-173.739716,-102.649712,15.606968,10.583573,99.264526,11.782014
242797,1,10.920492999999999,9.624983,10.869416000000001,9.699317,21213.996094,20516.414062,16292.47168,-107.68321999999999,-54.087582,-313.182434,15.738825,9.877895,113.414978,1.777398
242798,1,10.85448,9.802583,10.811428999999999,8.602824,21067.099609,20317.552734,16284.162109,-109.515556,-368.235657,-223.981171,20.538185000000002,10.376603999999999,75.13176,12.770118
253862,1,12.151164,10.858386999999999,12.098742,10.947804,751.777771,6064.095703,27807.744141000003,289.714203,0.307641,-118.158165,55.945983999999996,10.094381,235.548325,0.678369
253864,1,11.645666,10.553158999999999,11.582417999999999,10.383245,1577.694946,5428.500977000001,26687.744141,-158.24723799999998,13.615388000000001,403.511169,30.166834,11.1317,155.232071,17.020342000000003
253866,1,11.047101,10.088594,10.978909,9.592792,1008.4349369999999,6260.811522999999,26874.636719,316.90567000000004,-286.033722,-240.462448,17.467157,10.325458,102.67227199999999,6.078297
264884,1,11.784206,10.216337,11.676298,11.068902,21572.214844,2160.067139,14921.816406,-38.653023,-15.439371,-114.50501299999999,17.201437,10.291578,268.063324,0.8247700000000001
264886,1,11.739328,10.523607,11.635173,10.920862,21654.068359,2273.588623,14860.106445,372.59078999999997,265.717804,-422.022644,17.908888,10.255359,301.056732,0.601593
264887,1,11.789161,10.354219,11.724997,10.790911,22051.658203,2227.5778809999997,14537.639647999998,-89.006485,-277.388733,449.84353600000003,27.165026,10.233155,216.47775299999998,1.1055030000000001
264888,1,11.195775,10.162436999999999,11.111024,10.122653,21654.265625,2021.805786,14613.697266,-371.221893,-426.64520300000004,-168.343262,11.606859,10.810262,143.78566,9.463753
264890,1,11.083292,10.092419999999999,10.97966,10.124804,21879.607422,2014.144409,14904.220703,320.543304,-211.94184900000002,209.220245,13.021533,10.632991,124.283974,8.421603999999999
264892,1,10.9209,9.744435000000001,10.881908000000001,9.203977,21567.767578,1919.667603,15185.979491999999,230.76335099999997,406.960846,-168.418793,21.458220999999998,10.268393,77.808685,9.280625
275547,1,11.445584,9.813794999999999,11.393866000000001,10.393976,5020.785645,22302.912109,17375.019531,13.533278,159.529007,270.113159,18.731983,10.72462,168.711029,5.6437349999999995
275548,1,11.444004,10.067978,11.390825999999999,10.3079,5271.570801,22659.197266,16181.568359,157.93455500000002,136.211746,444.344666,21.758615,10.785532,161.767593,7.062844999999999
275549,1,11.355863000000001,10.271403,11.28476,10.192234,5027.44043,21976.044922,16415.923828,474.206055,175.18554699999999,602.340332,16.910845000000002,11.087163,142.592773,18.205322
282782,1,10.855906,9.916933,10.747561,9.879122,814.193542,21127.986328,6088.370605,77.118629,-406.825928,-247.32899500000002,8.481330999999999,10.407989,115.658173,5.792603
282783,1,10.85591,9.995273,10.753534,9.713077,691.731018,20943.910156,6296.598145,-14.879170000000002,54.608723,-258.674744,9.641941000000001,10.45285,107.57534,7.424283999999999
282784,1,10.946981,9.669178,10.901442999999999,9.61607,736.5457759999999,20560.730469,6326.908203,-23.210722,-424.46914699999996,205.074387,15.917777,10.327005,101.898613,6.1929669999999994
282787,1,10.538836,9.616746000000001,10.480066,8.3758,672.193298,21076.070312,5864.811522999999,-187.773987,-337.772491,626.2810059999999,11.784855,10.202425,66.72416700000001,10.841785
289386,1,11.111121,9.866307,11.025352,10.19793,1031.346558,16195.881836000002,12018.287109,176.019394,791.13562,-309.14169300000003,8.477352,10.719629,153.02478,6.78171
289387,1,11.176843,10.143049000000001,11.112185,9.836786,318.63266,15880.141602000002,11822.214844,126.2873,46.661640000000006,109.359146,16.732982999999997,10.753003,118.97083300000001,12.115808
289389,1,11.092184,9.715653,11.046913,9.844842,381.206299,15482.512695,12028.230469,48.461067,32.320171,40.957218,14.437982,9.75553,155.829285,0.710388
289395,1,10.418311,9.605227000000001,10.324482000000001,9.025964,1171.297607,15837.699219,11951.871094,-325.575226,59.194366,-133.79466200000002,9.873503,8.752031,70.425308,0.345254
294867,1,11.917875,10.722892,11.870625,10.510212,30401.994141000003,33722.910156,7597.250488,190.81011999999998,128.901901,-83.86084699999999,48.406845000000004,10.015654,213.202042,0.6907220000000001
294868,1,11.495681,9.980172,11.404243,10.697042,31105.837891000003,34284.574219,7569.097656,-102.15550999999999,-136.905991,168.794052,14.992605,10.230542,209.911163,1.168723
294869,1,11.285402000000001,10.380068,11.164599,10.358665,31012.177733999997,33778.582031,7090.280762,-272.33252000000005,-198.86055,-85.844872,14.665967000000002,10.713709,146.589767,7.290135
294870,1,10.987343,10.042359,10.904284,9.767621,30306.421875,33748.316406,7561.752441,244.446442,-62.787437,18.342131,11.11103,9.620664,124.819901,0.8115829999999999
294873,1,10.86144,9.789746000000001,10.808946,9.323917999999999,30692.839844,33961.273438,7408.134765999999,266.694153,-267.804413,188.69361899999998,12.425541,10.325109,95.75453900000001,6.982686
300904,1,11.599615,9.941195,11.41695,11.105804,15050.208984,4834.643066,33091.464844,15.480522,4.763272,-394.55545,7.966097,10.418053,288.515625,0.952691
300905,1,11.616383,10.670619,11.505028,10.667899,15500.860352000002,4573.275390999999,33000.414062,297.09173599999997,-44.086864,180.707321,19.545952,10.204851,194.570724,1.282146
300906,1,11.185155,10.098116000000001,11.125022999999999,9.860575,14985.039062,4945.023926,32696.855469,149.154938,-287.11431899999997,411.937256,17.9743,10.292447,121.07928500000001,4.050858
300908,1,10.950534,10.04077,10.881368,9.331629,15155.335938,4424.616699,33111.476562,154.925827,381.37854,-303.433533,14.84786,10.497226,97.771805,9.954842999999999
307485,1,13.071914,11.879989,13.035088,11.30203,16376.669922,21186.53125,21900.238281,-4.306412,165.065536,-38.246002000000004,191.94606000000002,10.799116,431.021576,1.026482
307486,1,12.43502,11.061507,12.365015,11.461866,16520.46875,21099.982422,21909.527344,-284.269073,192.735901,-99.969666,37.919940999999994,10.90563,472.35083,1.092276
307487,1,11.610925,10.276584,11.437428,11.061672999999999,16227.567383000001,21201.324219,21879.824219,-22.532097,-92.282394,-56.290688,9.072219,10.560008999999999,336.961029,0.968458
307488,1,10.989131,10.03472,10.809586999999999,10.345395,16561.433594,21208.904297,21926.451172,-361.732544,145.644562,-176.470154,5.752868,10.659979,160.515366,5.372542
307491,1,10.587996,9.628442,10.445451,9.817015,16643.693359,21136.359375,21861.412109,10.531016000000001,31.408046999999996,123.46161699999999,4.618983,10.037888,115.511421,2.47677
307492,1,10.772414999999999,9.784567,10.718143,8.935592,16540.019531,20883.648438,21986.720703,-122.413521,489.175079,315.917938,13.789248,10.385616,81.443359,11.09539
313693,1,11.31139,9.747836999999999,11.217134,10.534732,23735.638672,25433.884766,5474.195312,141.977295,83.769897,-39.877441,12.145159,10.073322000000001,194.487595,0.9479120000000001
313695,1,11.077567,9.741177,10.990983,10.205969999999999,23678.132812,25392.818359,4985.307617,117.567719,53.511345,76.570885,9.967459,10.527247000000001,139.562393,5.2352870000000005
319730,1,13.158437,11.89968,13.113036,11.802489999999999,26452.361328,3875.655029,6243.621094,-134.264938,139.562057,-95.39245600000001,152.68631000000002,10.9979,513.936157,1.141069
319731,1,11.742723,10.588597,11.64671,10.849779,26608.861328,3553.4375,6219.378418,-125.402924,384.150513,-161.871933,18.677397,10.106783,236.503952,0.6923699999999999
319732,1,11.162861999999999,10.084799,11.094325,9.957706,26343.197266,4006.492676,5995.209961,-7.0224009999999994,-231.713821,150.172943,15.763541,10.64633,123.20948,8.83641
319733,1,11.173523,9.844563,11.13241,9.810525,26537.751953,3941.2089840000003,5847.226074,34.590542,475.486145,110.613831,20.821022,10.49127,112.045753,7.476787
324123,1,13.120424,11.968402000000001,13.075736000000001,11.555799,29982.453125,19609.59375,4951.289062,-14.401963,-93.65274000000001,-8.279194,189.04963700000002,10.911181,407.579163,1.485894
324124,1,11.978339,10.706062,11.863136,11.231641,30087.132812,19654.806641,5081.709961,-193.522339,-100.55291700000001,-57.581680000000006,21.247969,10.438938,287.637695,1.0057200000000002
329508,1,13.042046000000001,11.871507000000001,12.991533,11.66732,7406.688965,20226.830078,22039.632812,44.024727,338.251984,-79.043808,143.39941399999998,11.030593,546.851929,1.086635
329509,1,11.081414,9.907933,10.965024,10.305534,7527.354004000001,20150.910156,22238.470703,-259.587646,490.50549299999994,-269.29537999999997,8.452810000000001,9.789407,154.05285600000002,0.785829
329510,1,11.086475,10.200998,11.012721,9.500658999999999,7106.29541,20071.240234,21880.427734,473.455902,374.785004,-61.489113,18.849421,10.599749000000001,101.584602,11.67678
329511,1,10.980604,9.904218,10.9288,9.434721000000001,7173.060547,20301.986328,21514.662109,188.065887,339.425415,-222.51576200000002,14.934738000000001,10.533853,100.57737,10.234992
329512,1,10.902482000000001,9.772574,10.861549,9.099078,7173.591309,20314.222656,21956.759766,270.256042,555.006958,-377.442139,15.622792,10.322331,93.17540699999999,7.327694
333424,1,12.954062,11.844405,12.905408,11.404823,16936.810547,20863.824219,14879.022461000002,33.970856,40.04438,70.392563,159.105316,10.76641,435.65969800000005,0.931848
333425,1,11.641987,10.060472,11.542389,10.893445,17102.96875,20696.708984,14893.820312,18.047848000000002,15.521464000000002,110.69501499999998,13.318365,11.178709,231.12329100000002,8.555645
333426,1,11.547063,10.498318,11.486125,10.164639,17021.583984,20382.808594,14723.767578,-271.875214,91.442368,100.67968,26.719145,11.085647,146.21676599999998,17.253716
333427,1,11.302378,9.878024,11.247575,10.209236,17073.650391,21009.904297,14800.633788999998,-149.421844,269.76416,232.444321,14.308651000000001,10.734797,152.331757,7.0867309999999994
333428,1,10.969392,9.838673,10.922479,9.421583,16634.810547,21174.021484,15179.552734,252.975586,-75.405167,-74.176651,15.714621,10.482088000000001,98.092659,9.551048
333429,1,10.553164,9.697001,10.30738,10.0179,16937.509766,20872.505859,14876.603516,575.969604,230.78401200000002,96.19918100000001,2.732551,10.367319,142.241302,3.4873629999999998
333430,1,10.918047,9.756801,10.875278,9.310438000000001,17333.957031,20502.724609,14598.168945,-115.555626,185.561905,300.782593,16.918873,10.072306,92.581184,4.173562
338446,1,12.997,11.728233,12.957972,11.502634,31162.921875,23849.097656,32125.082031,0.250877,-73.289383,45.64204,161.12309299999998,10.692979,394.906464,0.9576819999999999
342446,1,12.718314,11.542889,12.674622,11.178846,25201.603516,6004.577636999999,33882.546875,-147.16151399999998,213.08247400000002,148.628983,117.22107700000001,10.603244,360.003296,0.9372719999999999
342447,1,12.033945,10.951506,11.954582,10.959228,25045.179688,5827.554199,34187.433594,72.323891,44.852776,-49.039539000000005,35.812046,11.45227,236.720795,15.311871
342448,1,11.694957,10.543983,11.569249000000001,10.950855,25244.345703,6082.65918,33900.828125,-134.36326599999998,109.790306,443.25924699999996,15.025106,10.257111,254.90589900000003,0.8425229999999999
342449,1,11.337800999999999,10.132151,11.270617,10.245605,25309.984375,5814.213867,33820.769531,-149.744186,-85.080765,-169.27272,16.836889000000003,10.679443,155.15074199999998,6.014032
342450,1,10.842341000000001,9.74002,10.777604,9.615447,25249.927734,6032.162109000001,34046.167969,-64.32106,-12.512994,161.112091,10.143748,10.349888,103.090744,6.378044
345872,1,12.890841,11.684827,12.842928,11.515439,7954.302734000001,25505.261719,28795.564452999995,-22.321894,-66.49496500000001,-334.22229,134.81326299999998,10.798392999999999,432.764832,1.016534
345874,1,10.993041999999999,9.735991,10.961266,9.173897,7563.688965,25729.777344,28712.162108999997,-14.47869,-245.63062999999997,-545.555359,18.996648999999998,10.454614,93.389107,9.891301
345875,1,10.857149,9.631346,10.814991000000001,9.375128,8091.028809,25314.357422,28473.404297000005,207.362946,-127.104523,-224.622696,15.349647000000001,10.473564999999999,84.83649399999999,12.520728
345876,1,10.784058,9.710655000000001,10.733178,9.198699000000001,8032.233887,25293.902344,28999.337891000003,358.41684,124.67781799999999,-411.447784,15.927063,10.391049,76.560783,12.713746
348901,1,12.803011,11.6139,12.755116000000001,11.401094,29240.837891000003,21294.714844,336.359131,-55.921935999999995,-113.18031299999998,83.530785,131.28694199999998,10.745642,399.25073199999997,1.0577530000000002
348902,1,11.729917,10.778307,11.665861999999999,10.132763,28698.826172000005,21187.964844,414.095917,100.520775,89.590416,162.405792,48.914211,10.847521,147.77526899999998,9.7622
348903,1,11.35224,10.285453,11.24521,10.474496,29107.919922000005,21133.570312,425.668396,80.609367,-13.088614999999999,10.88117,12.777641000000001,10.890236,165.671387,8.56985
348905,1,10.956667,9.856581,10.914028,9.103792,29203.908202999995,21149.423828,638.546204,77.090721,-46.80727,-226.06370499999997,19.829714000000003,10.37299,88.333961,9.161619
348906,1,10.78832,10.019145,10.671639,9.602696,28667.335938,21186.359375,388.282196,144.408493,165.917786,268.2995,8.302578,10.571713,106.68229699999999,9.925751
352426,1,12.923505,11.491876,12.889933000000001,11.495173,1606.260864,4397.805664,34323.15625,-31.976688,91.918549,-17.383854,136.03495800000002,10.768486,437.715851,0.927544
355724,1,12.830442999999999,11.715993,12.779406,11.361847000000001,25047.466797,24864.410156,9626.494141,24.588720000000002,-61.547146,-46.799492,92.29386099999999,12.21566,363.676514,37.623497
355726,1,10.843772,9.806027,10.761846,9.746811,25119.5625,24866.832031,9525.963867,-260.832367,-66.790192,-218.040863,7.739321,10.533712,116.87635800000001,7.5768759999999995
358608,1,12.687485,11.398149,12.643201,11.345388,3213.574463,17328.441406,12119.734375,-70.460617,362.44534300000004,54.325989,101.147942,10.528036,343.748657,0.8645370000000001
358609,1,12.294007,10.779932,12.258656,10.970149000000001,3472.6455079999996,17558.574219,12452.31543,-360.394257,283.70752000000005,140.36798100000001,54.09324300000001,10.568069,346.118805,0.9350790000000001
360923,1,12.805302000000001,11.451922,12.758492,11.566935,34191.484375,14521.412109,11292.173828,38.53233,186.79255700000002,-59.258938,105.965469,10.7751,431.36169400000006,0.9697209999999999
360924,1,11.200233,9.983066,11.147942,9.921991,34438.582031,14051.619141,11104.208008,57.694424,169.863159,-201.23318500000002,21.667669,10.471387,112.91590900000001,7.032449000000001
360925,1,10.661727,9.629321000000001,10.423374,10.17751,34202.0625,14487.09668,11301.650391,10.200928999999999,-104.32867399999999,-29.311040999999996,2.831786,10.063957,169.949951,1.214958
360926,1,10.873739,9.82505,10.821535,9.250169,34318.449219,14259.380859,11400.973633,172.74221799999998,459.67510999999996,-109.63016499999999,14.551184,10.435122,89.981842,10.187075
362994,1,12.801497999999999,11.502913000000001,12.767899,11.183467,10522.700195,18183.408203,4308.533691,60.383368999999995,-54.214218,-58.400242000000006,123.230934,10.738878999999999,415.723907,0.9605049999999999
362995,1,11.387617,9.985385,11.271194,10.677621,10569.69043,18207.464844,4280.818359000001,-340.429169,172.365128,-111.172676,8.502345,10.105093,229.23411600000003,0.734118
362996,1,11.002152,9.939882,10.956147999999999,9.142199,10505.235352,17938.285156,4646.800781,43.310909,164.373718,-232.906342,25.100154999999997,10.366816,80.894852,10.769919
362997,1,10.855199,10.049232,10.758555,9.488831,10730.892578,18068.919922,4267.23584,-289.756958,166.42224099999999,-145.379913,12.660739,10.469645,93.03025799999999,10.318893
362998,1,10.62475,9.704956,10.551680000000001,9.162005,10678.228516,18089.773438,4195.388672,81.895485,-252.49032599999998,-126.2658,9.615078,10.263841000000001,81.722565,8.325253
366407,1,12.86738,11.574496,12.833569,11.245365,24936.6875,15194.740234,33990.007812,-52.282963,-22.296235999999997,233.07994100000002,112.74115800000001,11.025785,543.9100950000001,1.086328
366408,1,11.090214999999999,9.918476,11.047577,9.506902,24437.335938,15169.957031,34180.058594,79.96933,64.271828,63.90014300000001,19.721020000000003,10.515236999999999,106.33438100000001,8.772546
368843,1,12.765841,11.529921,12.716475,11.458425,27224.070312,273.51944,9860.930664,14.276285999999999,4.167453,-99.912483,115.646271,10.651943,398.27981600000004,0.8566370000000001
368844,1,11.237314,10.016596,11.164021,10.21491,27265.167969,88.55416899999999,9858.131836,169.680161,157.830399,77.054047,14.218101999999998,10.682362,144.324997,6.9969470000000005
368845,1,10.943203,9.938583,10.874281,9.621967,27479.330077999995,125.734917,9947.420898,-57.87465699999999,-20.398882,-305.599823,13.828884,10.581767999999999,98.532028,11.908244
371126,1,12.686411999999999,11.457811999999999,12.633488999999999,11.431174,9102.123047,24941.005859,17691.880859,-166.654617,-189.819199,328.44577000000004,100.66584,10.614803,342.283783,1.064782
371127,1,11.843637,10.466127,11.769929,10.900447,9115.577148,24987.300781,17435.193359,-143.169937,-304.128967,382.374023,22.923885000000002,10.407813,247.47522,1.264678
371128,1,11.360996,9.87923,11.311867,10.228591,9316.764648,25175.808594,17690.572266,-228.827698,-191.830261,467.27105700000004,15.89996,10.229984,177.497772,1.632412
372754,1,12.695107,11.123975,12.666484,11.261194999999999,34923.933594,5221.363281,21462.246094,101.929924,-78.394547,81.072479,106.715958,10.707460000000001,403.102325,0.950305
372755,1,12.047864,10.91491,11.985652,10.824007,57.636433,4904.398926,21909.265625,-17.64678,87.280624,-43.414429,48.938351000000004,11.314786999999999,216.58779900000002,13.327534
375073,1,12.717464999999999,11.478703999999999,12.675203999999999,11.260900999999999,22546.773438,7669.521484000001,27744.210938,-17.316088,-118.779495,162.161499,125.01226000000001,10.74799,418.824341,0.966398
375074,1,11.283314,10.240505,11.211044000000001,10.079686,22534.681641,7428.012206999999,27815.048827999995,-32.121761,-37.319561,30.133118,17.400126,10.617992999999998,137.80508400000002,6.617478
377655,1,12.446745,11.046764,12.410233999999999,11.056607000000001,19662.988281,20449.115234,19369.878906,-74.387642,83.785278,-29.447538,119.15428899999999,10.32623,286.7742,0.780512
377656,1,11.860534,10.40966,11.791546,10.906032000000002,19622.478516,20336.685547,19445.539062,-36.705505,44.570282,-184.07865900000002,24.069101,10.407646000000002,314.73877000000005,0.781583
377657,1,11.797052,10.634023,11.748275999999999,10.370156,19048.412109,20502.494141,19140.863281,131.944763,233.19129900000001,59.328419,42.134128999999994,10.064751,176.94941699999998,1.122757
377658,1,11.646589,10.466686,11.593406,10.336549,19468.929688,20580.484375,19044.154297,-109.95191200000001,190.915649,79.338287,32.097424,10.01576,189.568405,0.873893
377659,1,11.24494,10.300948,11.170367,9.887822,19850.007812,20356.349609,19293.789062,-88.61455500000001,-136.88597099999998,-99.833481,18.190835999999997,10.819028,122.807594,13.237542000000001
379803,1,12.724407000000001,11.212612,12.696334,11.226272,6109.681640999999,6889.222656,31262.867188,47.382214000000005,-57.214649,59.561726,111.952805,10.78331,423.40646399999997,1.025711
379804,1,11.362079,10.460114,11.263659,10.250160000000001,5882.435059,6912.771973000001,31057.759766000003,131.45834399999998,-11.814876,20.852251000000003,16.554249,11.025827,145.388199,15.205419000000001
379805,1,11.294362,10.052264,11.209813,10.370405,6173.236328,7004.808105,31260.128906,-227.10791,-177.288116,-153.516602,12.060367999999999,9.91843,198.176514,0.639081
379808,1,10.425038,9.608943,10.350439999999999,8.132924000000001,5954.081055,6892.267578,31307.03125,109.374191,-215.91517599999997,416.149902,13.559110999999998,10.273952,55.879509,18.225817000000003
382215,1,12.680369,11.508934,12.630596,11.290925,16690.486328,32468.421875,27752.277344,-57.456309999999995,8.886586999999999,-33.425629,99.710617,5.349792,398.168396,0.009765000000000001
382216,1,11.473321,10.456559,11.402405,10.208364,16787.425781,32388.708983999997,27991.089844,121.009758,46.860439,-216.979279,20.754601,11.016597,150.504196,13.890943
383975,1,12.63906,11.397908000000001,12.599310000000001,11.11646,19762.34375,3124.885254,26042.443359,35.892604999999996,-132.569641,172.531952,113.17797900000001,10.469897,322.958435,0.856712
383976,1,11.530288,10.663244,11.354067,10.825163,19776.490234,3192.80957,26063.457031,160.13464399999998,-17.850939,106.103104,10.194339,10.871172,229.261688,4.28292
383977,1,11.088683999999999,10.04318,11.035657,9.483182000000001,19546.605469,2950.886719,26110.212891,111.682724,83.853004,24.365063,18.255505,10.481905000000001,107.659676,7.925567999999999
383978,1,10.801582000000002,9.969147999999999,10.695208000000001,9.646583,19756.814453,3084.8828120000003,25933.033203,-6.260137,115.991394,423.183075,8.980067,10.531731,103.380081,9.640357
383979,1,10.568223,9.70279,10.481651,9.21349,19826.595703,3149.709229,26015.671875,14.953489999999999,-88.373154,444.30917400000004,7.218259,10.146219,88.606689,5.401688
386269,1,12.418357,11.163885,12.370175999999999,11.110781,3788.611572,20141.369141,14683.478516,267.37557999999996,-105.89169299999999,64.699394,84.678368,10.262814,271.14794900000004,0.754452
386270,1,11.897078,10.406578999999999,11.844412,10.809329,3743.404785,20344.648438,14446.898438,136.802673,115.100449,-98.494164,28.783728000000004,10.260354,251.80483999999998,0.869875
386271,1,11.528257,10.516995,11.462324,10.165303999999999,3540.2482909999994,20418.318359,14823.810547,361.689423,93.647774,-295.070129,27.173842999999998,11.058481,142.623718,17.03443
388544,1,12.655925,11.407311,12.61227,11.248786,8169.255370999999,28214.832031,19020.402344,-56.64755600000001,-274.394409,218.769592,127.806381,11.298338000000001,282.217621,7.557875999999999
388545,1,11.141249,9.779807,11.057367999999999,10.259472,8159.882323999999,28175.496094,18967.822266,78.530998,-271.90640299999995,429.306824,10.084589999999999,9.980165,198.58461,0.73368
388546,1,10.946794,9.933133,10.821992,10.130452,7993.936523,28187.511719,18915.716797,-68.20566600000001,-210.70184300000003,186.079025,9.304881,10.454912,123.173973,5.68998
390932,1,12.685087,11.270451,12.643785000000001,11.401895,7944.450195,6751.102051000001,32093.867188,-11.993929,-10.689129,6.0873550000000005,97.619263,10.729061,395.15979,1.039321
390933,1,11.031137,9.623645,10.929889,10.256186999999999,8041.145508,6734.432617,32160.376952999995,-164.138168,104.921341,105.168297,7.0502910000000005,10.046209,197.424957,0.864241
392276,1,12.477331,11.034068,12.448333,10.931561,23725.757812,26715.0625,23052.552734,-68.716652,-28.207248999999997,-100.230995,88.483086,10.55759,326.250244,1.027361
392277,1,12.087044,10.515053,12.05671,10.695065,24218.193359,26502.226562,22913.722656,-159.68327299999999,-114.980721,153.801041,61.899765,10.197392,244.16146899999998,0.800327
392278,1,11.543743,10.593967999999998,11.444135000000001,10.510197999999999,23790.201172,26784.447266,23174.751953,-330.930115,-71.122917,-15.332167000000002,17.860785999999997,11.238794,172.21289099999998,17.696775
392279,1,10.785489,9.827875,10.675823,9.837078,23651.40625,26676.953125,23089.623047,-332.531921,-115.57737,-62.7799,6.86987,10.404384,116.89595800000001,5.623639
392280,1,10.801801,9.828327,10.721003999999999,9.603441,23711.357422,26576.425781,23059.884766,-115.752296,142.212494,-252.8405,8.808084,10.481032,104.486435,8.397478999999999
394621,1,12.521703,11.244161,12.488842,10.823584,11679.745117,18084.367188,2944.7036129999997,-77.520638,22.142210000000002,119.9142,119.94938700000002,10.226915,247.79962200000003,0.831659
394622,1,11.592096000000002,10.371519000000001,11.470844999999999,10.854586999999999,11687.731445,18133.082031,3013.0395510000003,-82.625557,-23.752436,174.05375700000002,13.841209,10.21829,266.242981,0.7062609999999999
394624,1,11.262853999999999,10.3372,11.195758999999999,9.650787,11883.669922,18217.394531,2707.84668,-126.208611,-48.707237,317.83432,21.782410000000002,10.83888,116.55354299999999,15.383645000000001
396628,1,12.617224,11.315452,12.574186,11.264232000000002,24220.880859,20620.894531,4179.119140999999,91.562088,-157.137054,-0.26282300000000003,101.25,10.750095,391.181793,1.1131870000000001
396629,1,11.435564,10.549799,11.331716,10.351539,24335.046875,20359.970703,4260.021973,123.731224,-265.879181,-57.42463299999999,22.315735,10.518858,160.94096399999998,3.8614940000000004
396630,1,10.514109,9.639656,10.405486,9.456185000000001,24335.347656,20331.580078,4287.953613000001,225.643982,-162.179077,-38.92622,5.125163,10.120116000000001,98.889717,4.083739
398784,1,12.676349,11.19485,12.639935000000001,11.351536,14421.598633000001,8195.448242,838.306946,-12.243119,-77.521591,-105.866096,105.60318000000001,10.68747,402.356567,0.9109149999999999
400973,1,12.604771000000001,11.253277,12.566255,11.209149,33659.097656,29349.839844,21700.294922,169.183945,-77.323753,-128.687546,94.237503,10.689378999999999,397.81408700000003,0.9359430000000001
400974,1,11.780895,10.536633,11.725822,10.573008999999999,33201.367188,29459.763672000005,22122.746094,316.868408,-48.727352,-170.256653,33.256747999999995,10.002792,200.767563,0.756197
400975,1,10.981534,9.653234,10.946302000000001,9.470359,33383.976562,29393.353516000003,21817.462891,189.130569,-155.790344,75.37140699999999,15.191582999999998,10.251657000000002,103.133629,5.082726
402555,1,12.45624,11.014774000000001,12.419112,11.115919,19224.332031,28072.5625,25249.951172,-275.527802,-37.704861,-181.81149299999998,85.315216,10.463371,314.721069,0.8886879999999999
402556,1,11.733561,10.864074,11.642004,10.473419999999999,19012.677734,27922.779297000005,25004.175781,-190.334747,32.538239000000004,114.562386,28.532261,11.288819,170.772888,20.193518
402557,1,11.491765,10.307197,11.428258,10.339945,18968.314453,28038.201172000005,25168.423828,-15.528039999999999,26.397066,-29.728474,23.362247,10.482717999999998,177.63876299999998,2.916576
402558,1,10.81449,9.727727999999999,10.733773,9.75644,19016.894531,27998.580077999995,25192.179688,-103.119919,3.5119589999999996,-80.168015,8.514272,10.327583,110.01378600000001,5.320201
402559,1,10.580276,9.780489999999999,10.496416,8.808982,18944.441406,28029.580077999995,24935.681641,-187.411194,-122.128799,35.9641,10.494186000000001,10.272403,74.144203,10.315468
404817,1,12.670173,11.247508999999999,12.640275,11.126913,81.428467,10542.015625,223.2453,-117.912155,-34.267815,46.133334999999995,136.48645,10.427809,296.306305,0.9237559999999999
406941,1,12.533744,10.839102,12.509178,11.074269000000001,34053.773438,7642.04834,26916.679688,-0.065197,-110.482643,142.92929099999998,103.093338,10.625115,371.33306899999997,0.926442
406942,1,11.960262,10.507671,11.888978999999999,11.024575,33909.792969,7657.996094,26919.810547000005,243.19468700000002,-214.84249900000003,-21.869132999999998,24.287487,11.595283,238.994629,20.880326999999998
406943,1,10.795995,9.727307000000001,10.700474,9.843922000000001,34095.769531,7585.638184,26987.833983999997,-167.795334,-98.138565,78.918549,7.344474000000001,10.453406,113.619339,6.664053
408534,1,12.597854,11.123864,12.560649,11.282932,30318.953125,12524.322266,7573.249512,-42.641731,13.574515,-72.07938399999999,92.439316,10.64878,370.506531,0.9826940000000001
408535,1,11.664050999999999,10.399659,11.602955,10.548451,30518.341797000005,12537.337891,7807.61084,-198.162308,-29.121129999999997,-217.643829,25.7836,10.807069,205.423203,4.60257
410037,1,12.652219,11.251851,12.613408999999999,11.311283,20656.3125,470.39584400000007,15787.333008000001,125.58886000000001,56.270393000000006,-54.559074,87.905327,10.669592999999999,385.795593,0.950844
411449,1,12.602143,11.292935,12.56162,11.203572,31169.6875,26561.716797,23204.794922,67.785347,69.359978,-34.580681,114.36534099999999,10.625607,370.98373399999997,0.929241
411451,1,10.95035,10.01887,10.860567999999999,9.792196,31405.509766000003,26735.169922,23223.294922,80.26355,60.582226,35.571144,10.250003,10.623528,115.062454,9.613700999999999
411452,1,10.927876,9.79818,10.887335,9.099627,31547.591797000005,26750.777344,23090.832031,-135.183701,59.294205000000005,-39.811886,21.325163,10.173537,82.861801,6.577463000000001
413372,1,12.590036999999999,11.167735,12.558238000000001,11.105188,31904.5,18549.199219,164.33194,-79.730598,6.823339999999999,143.153183,122.04088600000001,10.229604,274.704254,0.680933
413373,1,11.476785000000001,10.340166,11.315747,10.849945,31886.761719,18523.328125,183.220459,-58.839905,109.735634,103.654007,10.299105,10.327100999999999,267.500916,0.8988360000000001
414917,1,12.470989999999999,11.007033,12.432833,11.167056,8141.709473000001,14350.506836000002,25119.160156,96.63932,123.89038799999999,-28.810036,82.24033399999999,10.532802,325.052826,0.977518
414918,1,11.926908000000001,10.455857,11.89509,10.491214999999999,7921.236328,14843.068359,24907.560547,-26.918411,74.77268199999999,145.093124,48.157291,10.128749000000001,235.74430800000002,0.7329899999999999
414919,1,11.259973,10.312984,11.178775,10.019446,7919.540039,14764.460938,25058.78125,-69.542793,138.610901,61.249886,16.546436,10.818121000000001,131.062408,11.598379
416713,1,12.591459,11.266484,12.554659,11.120796,32280.273438,17553.519531,9803.646484,61.354553,-34.770042,-91.220238,98.87222299999999,10.723563,386.449677,1.07302
418335,1,12.574881,11.058432,12.539667,11.249852,8065.231934,4540.568848,32924.808594,36.328751000000004,115.850822,-27.853462,102.59787,8.661218,343.340393,0.011778
418336,1,10.963822,9.626917,10.863265,10.16853,8086.79248,4698.754395,32929.347656,34.596264,-56.186127,2.69905,8.040963,10.292753,142.768585,2.915534
419618,1,12.513599000000001,11.416627,12.468332,10.790215,31470.429688,12969.31543,9148.550781,-10.739914,82.068336,-139.537018,105.04701200000001,10.501709,311.319305,0.9920479999999999
419619,1,11.039703,9.718621,10.999955,9.636834,31908.484375,13297.900391,9393.867188,35.887173,-94.292496,-121.36588300000001,17.363858999999998,10.119242999999999,120.87513,2.727807
419620,1,10.977733,10.018325,10.918221,9.237663000000001,31117.367188,12881.255859,9254.422852,263.499084,93.48273499999999,-292.911469,21.851971,10.485881,87.35883299999999,12.147779
419621,1,10.724960000000001,9.970576,10.616985000000001,9.36922,31813.880858999997,13124.293945,9333.532227,-97.370171,109.97953799999999,-109.584801,10.775889999999999,8.917922,129.052353,0.150539
419622,1,10.828437,9.846471000000001,10.775186999999999,8.873389999999999,31215.539062,12818.662109,9194.401367,157.24614,58.303309999999996,-341.43017599999996,16.986826,10.266466000000001,81.193176,8.485118
419624,1,10.48322,9.640213000000001,10.403207,8.876178999999999,31184.277344,12884.661133,9263.357422,225.14047200000002,106.51071200000001,-277.47643999999997,9.114831,8.696944,80.24056999999999,0.234148
421555,1,12.556524000000001,11.325097,12.513852,11.097954,33603.582031,10420.845703,11109.689453,-62.898605,156.499542,-45.572956,90.024399,10.442103,291.591461,0.985791
421557,1,10.676874,9.775343,10.59202,9.391635,33464.78125,10609.494141,11133.211914,-47.313347,38.911469,-67.98786899999999,9.420191,10.207129,88.459221,6.235518
421559,1,10.659034,9.645988000000001,10.598009,9.189884,33699.808594,10570.856445,11070.964844,-233.05896,-111.10900900000001,-30.984078999999998,10.368924,10.050329,85.76619000000001,4.6232120000000005
422754,1,12.51326,11.169284,12.480534,10.948078,8734.37207,20576.369141,11919.739258,-69.652672,-55.198338,133.39498899999998,92.716049,10.439396,293.78204300000004,0.965109
422755,1,11.504251,10.375541,11.457528,9.944065,8655.928711,20245.794922,11848.961914,34.773742999999996,99.79512,150.935532,36.668941,10.143867,135.54747,2.295706
422756,1,11.314936,10.339698,11.259951,9.429229,8500.691406,20208.132812,11760.652344,22.363773000000002,142.453171,257.102325,28.726681,11.096867,105.06920600000001,34.288371999999995
424288,1,12.454058,11.187803,12.412987,11.009949,1790.605835,19251.275391,6760.668945,-207.272827,111.26206200000001,63.420139,92.32208299999999,10.364005,283.13327000000004,0.873482
424289,1,11.440221000000001,10.503166,11.353178999999999,10.259482,1785.7950440000002,18987.177734,6752.009765999999,-83.40682199999999,-27.155872,147.225647,20.839743,10.963975999999999,143.426651,13.550295000000002
424291,1,10.69232,9.629576,10.622913,9.477364999999999,1637.697144,19294.90625,6739.460937999999,-235.69941699999998,219.48214700000003,222.11535600000002,8.26543,10.243366,96.344086,5.714216
425719,1,12.487934,11.313808,12.439305000000001,11.077435000000001,24789.208984,19446.564453,3556.3486329999996,-24.761904,-161.074448,147.985474,83.652557,10.354486999999999,274.151581,0.911457
427211,1,12.474468,11.385655999999999,12.414761,11.144906,32521.53125,6100.85498,29578.285156,56.362156000000006,69.17791,7.670616000000001,83.31044,10.464792999999998,333.34726,0.794747
427212,1,10.885187,9.851351,10.834247999999999,9.143171,32215.451172000005,6079.638184,29647.523438,15.563049,105.698982,124.53704099999999,14.102297,10.453013,91.690025,10.223649
427213,1,10.587113,9.641967999999999,10.460537,9.730137,32595.71875,6132.824707,29643.238281,53.934132,102.964218,-72.816338,5.182419,10.120774,108.28312700000001,3.411117
428177,1,12.372767999999999,10.807634,12.341315,11.001695,25688.484375,32855.835938,15384.697266,6.873188000000001,-20.327939999999998,-109.41101100000002,80.31958,10.505301,285.930908,1.1857959999999999
428178,1,11.746395,10.647849,11.694258,10.269403,26049.939453,32957.367188,14933.320312,-48.218605,37.748267999999996,26.460971999999998,41.823890999999996,10.534021000000001,165.69168100000002,3.7727269999999997
428179,1,11.703738000000001,10.4984,11.650185,10.432148,25698.076172,32473.388672000005,15579.428711000002,39.710945,155.983215,-115.33383899999998,28.124544,9.922511,192.436478,0.684179
429471,1,12.478723,10.731164,12.452351,11.091073,16317.791991999999,3588.8576659999994,31908.966797000005,129.425491,221.613998,-38.678371000000006,83.528343,10.552377,321.95813,1.042338
429472,1,11.530106,10.336834,11.47812,10.217117,16229.004883000001,3968.998047,32166.078125,274.15094,146.963425,-94.377708,30.714233,10.771297,152.10600300000002,7.73097
429474,1,10.680867,9.620942,10.636566,8.674892999999999,16187.132812,3266.453857,31951.685547000005,307.414307,383.670319,-165.427948,17.660393,10.180660000000001,67.085953,10.200909
430864,1,12.352667,11.172028,12.298131,11.06842,22025.960938,9593.950195,20836.884766,40.256081,19.40806,-5.1004059999999996,78.102623,10.253046000000001,270.784027,0.7396739999999999
430865,1,11.648772,10.704349,11.581315,10.12829,21895.939453,9974.240234,20754.294922,59.199654,-121.26053600000002,55.730961,44.041503999999996,11.065327,137.91812099999999,18.506147
430866,1,11.045182,10.060205,10.968005999999999,9.816555000000001,21943.177734,9942.705078,20732.625,-39.238506,-117.591003,-8.733744,11.877253999999999,10.51132,121.39913200000001,6.669982000000001
430867,1,10.827633,9.820566,10.778464,8.762263,22033.246094,9638.767578,21017.4375,-1.42805,237.047623,-23.250702,16.863092,10.300492,79.429497,9.588874
432106,1,12.423036,11.264481,12.364866000000001,11.170394,7907.532715,8598.402344,2223.672852,223.775681,96.27018000000001,18.046078,88.44252,10.337591,336.030151,0.583534
432107,1,10.920478,9.971746000000001,10.807186999999999,9.988258,7856.344727,8700.162109,2329.764404,295.06298799999996,182.45294199999998,70.90793599999999,9.256143,10.51609,117.527351,7.195277000000001
432108,1,11.000149,9.940767,10.932931,9.748832,8072.842773,8663.6875,2152.4213870000003,199.061554,-58.446456999999995,-55.022372999999995,12.529477,10.54744,111.24945100000001,8.631368
432109,1,10.997085,9.674277,10.960030999999999,9.529769,8134.558594,8492.169922,2329.352295,93.28208199999999,112.763306,33.594685,14.854393,10.286062,105.04908,5.30295
433289,1,12.477541,11.207851,12.424787,11.259915,5704.384277,28587.839844,22655.242188,89.456841,-307.054169,-98.88826,76.34805300000001,10.335385,324.554626,0.622359
434356,1,12.475222,11.029192,12.439797,11.102896000000001,15428.250977000002,1350.0469970000001,20142.976562,64.53484300000001,-129.432205,110.95871000000001,97.09671,10.580181,353.02209500000004,0.9242879999999999
434357,1,11.457563,10.286849,11.410986999999999,9.988813,15718.533203,1137.123047,20167.121094,-88.917137,35.28109,34.040981,27.447359000000002,9.63135,148.347473,0.5889300000000001
434358,1,10.835749,9.827150999999999,10.775917999999999,9.320336,15260.060547,1345.471924,19951.568359,52.566467,-204.159286,-42.398373,13.171626000000002,10.188183,91.67842900000001,5.557646
435752,1,12.438907,11.35322,12.380942999999998,11.069664,17553.892578,26625.355469,24253.960938,-93.24895500000001,81.218887,88.422562,83.232849,10.397025,294.81939700000004,0.8692620000000001
435753,1,11.196562,10.095121,11.146792999999999,9.659246000000001,17613.908203,26419.761719,24590.90625,-250.356369,154.603546,94.15214499999999,21.875391,10.616222,108.98384899999999,10.537377000000001
436932,1,12.420796000000001,11.216254,12.367674000000001,11.142003,14901.80957,28335.974608999997,25709.787109,246.54653900000002,190.58590700000002,121.839371,68.130501,11.532763000000001,265.535736,14.646973999999998
436933,1,11.299700999999999,10.108122,11.260595,9.635957000000001,14698.473633000001,28326.095702999995,26029.457031,92.753502,357.47805800000003,75.884659,27.934343,10.525231,115.56786299999999,7.59963
438148,1,12.472761,11.136254,12.423214,11.262572,14180.331055,4156.947754,34943.160156,117.440712,147.75383,-180.071701,88.00715600000001,10.208191000000001,286.649994,0.5952770000000001
439099,1,12.506409,11.195824,12.466102000000001,11.104333,29535.103516000003,10683.929688,30399.0625,-58.042598999999996,-36.062828,95.09623,85.941315,10.466533,298.448425,0.9954770000000001
440407,1,12.283882,10.678192999999998,12.25203,10.944472,13352.151367,30583.080077999995,21442.984375,-55.800213,-138.626968,148.731155,78.791939,10.451021,325.63147000000004,0.8068609999999999
440408,1,11.835797,10.788941000000001,11.774253,10.461831,13363.631836,30881.587891000003,21995.359375,34.034019,-224.07498199999998,56.521103000000004,44.273506,11.184116,169.75521899999998,16.05834
440409,1,11.387872,10.39795,11.330914,9.699261,13557.351562,30940.609375,22263.408203,-30.069947999999997,-227.17816200000001,-19.454393,27.282004999999998,10.789042,124.157799,12.087153
440410,1,11.319952,10.301055999999999,11.266985,9.598682,13519.571288999998,30683.880858999997,21625.248047,-202.194672,-65.45630600000001,48.047394,28.956553000000003,10.806909,107.64546999999999,16.755164999999998
441709,1,12.442634,11.344712,12.382871000000002,11.129103,7688.07666,7903.80957,12122.993164,-43.225182000000004,41.892403,-40.726032000000004,102.324287,5.80621,380.304535,0.009654000000000001
443049,1,12.406364,11.111817,12.369627000000001,10.887372000000001,7500.987793000001,25835.595703,28039.197266000003,5.152549,-56.816803,-194.7556,80.879929,10.493472,329.740234,0.867677
443050,1,11.406075,10.369987,11.330744000000001,10.233,7405.96582,25730.669922,28246.339844,121.957283,-31.006497999999997,-123.3731,17.758233999999998,10.885042,151.127869,10.176147
443051,1,10.988029,9.873982,10.920224000000001,9.816658,7366.379395,25799.576172,28155.220702999995,90.56648299999999,63.134361,-64.618752,12.005413,10.076628999999999,117.03396599999999,2.637855
443052,1,10.921086,10.012691,10.830792,9.72782,7717.064941,25977.929688,28134.472656,67.900589,-67.444084,-330.641296,12.957339,10.481995,101.339241,8.946867
444134,1,12.419417,11.010538,12.393919,10.673511,9566.896484,3407.459961,15676.407227000002,8.680686999999999,-72.93375400000001,12.299206,110.885384,10.21146,256.433411,0.749448
444135,1,11.389787,9.995034,11.267872,10.699124000000001,9580.84668,3369.1286619999996,15705.654297,4.223375,-59.957893000000006,-33.89283,9.032156,10.212631,242.43238799999997,0.840774
445626,1,12.421577000000001,11.262074,12.365992,11.126558000000001,23879.564453,23432.255859,4939.787598,61.222889,-32.199923999999996,17.783426000000002,77.650085,10.555019,349.076904,0.892086
445627,1,10.934776,9.777781,10.895782,9.142021000000002,24107.953125,23333.375,4723.189453,217.08381699999998,-34.038013,217.28646899999998,19.133148000000002,10.434544,85.492638,11.270002
445628,1,10.612247,9.69251,10.540027,9.129478,23988.478516,23362.644531,5313.369629,22.122416,-68.529335,-23.267236999999998,12.136984,8.764946,97.41834300000001,0.185875
446665,1,12.287225,10.881806,12.257012,10.730782000000001,15066.288086000002,21320.96875,21944.953125,98.37874599999999,168.75683600000002,120.542427,88.231453,10.406751,308.756775,0.8104899999999999
446666,1,11.508450999999999,10.381402,11.45633,10.092296000000001,14705.12793,21163.568359,21881.792969,30.104691,341.32748399999997,61.227759999999996,25.055542000000003,10.783428,150.000015,8.174777
446667,1,11.348261,10.212177,11.29252,10.022712,15148.15332,21369.195312,22270.255859,-90.702904,208.439026,114.475807,23.956182000000002,10.683014,126.866257,9.068922
446668,1,11.210238,9.999982000000001,11.162537,9.836682000000001,14969.395508000001,21349.837891,22075.761719,22.512005,174.8974,-61.828587,20.508585,10.665896,114.86694299999999,10.635057000000002
446669,1,11.066605000000001,9.951335,11.020791000000001,9.435153,14742.890625,21036.5625,21998.275391,215.703537,169.833847,136.23085,20.396069,10.400309,99.084587,7.754149000000001
446670,1,10.883204,9.911681,10.824117999999999,9.192469000000001,14856.318359,21439.748047,21917.263672,173.101822,389.816956,233.289078,16.688578,10.387934,84.46500400000001,10.37094
447914,1,12.534918,10.513136,12.51247,11.145318,9340.791016,29082.074219,20294.582031,-104.218727,-278.53277599999996,127.19735700000001,79.0009,10.784819,437.466492,0.964183
448830,1,12.484356,11.099959,12.444711,11.145472999999999,28048.158202999995,12073.303711,3420.162354,-184.8116,-80.522751,157.82698100000002,82.187126,10.466718,316.139282,0.887546
449658,1,12.257003,11.030144,12.21221,10.843047,1092.450439,7081.890137,20362.722656,-18.451748000000002,-107.190651,105.57923899999999,85.44239,10.214661999999999,252.73426800000001,0.777258
449659,1,11.928536,10.748771000000001,11.86793,10.734844,1155.8673099999999,6865.738281,20566.875,15.003973,-32.919048,-55.835453,37.835876,11.102276,218.907822,7.998044999999999
450916,1,12.401686,10.720734,12.369783,11.099416,12558.414062,16128.246094,29283.552733999997,-35.054871,0.342005,-24.494577,74.894508,10.482349000000001,313.673492,0.9345950000000001
450917,1,11.662907,10.409575,11.60985,10.434258,12831.867188,16045.942383000001,29417.462891000003,-49.362495,175.644135,-119.53836799999999,27.770601,10.911384,180.860825,7.549613000000001
452031,1,12.49253,10.964538000000001,12.460805,11.102263,23535.583984,13396.087891,14259.90332,19.756647,59.84174,-10.379073,86.100426,10.472678,318.849396,0.8845799999999999
452032,1,10.876642,9.668928,10.822232000000001,9.621042999999998,23328.644531,13553.886719,14235.328125,59.645454,-64.573143,59.906605000000006,11.298397999999999,9.937594,110.11703500000002,2.163402
452978,1,12.293598,11.145901,12.235227,11.030173,28830.904297000005,26679.361328,22962.546875,51.424938,74.556129,41.603046,64.584114,11.300583,258.856903,9.030147999999999
452979,1,11.325922,10.225764999999999,11.27417,9.842908999999999,29153.509766000003,26790.855469,22835.646484,-60.360447,14.477257999999999,-107.20253000000001,25.163114999999998,10.684681,119.412231,10.27585
452980,1,11.123141,10.101008,11.059127,9.745702,28968.796875,26762.896484,22997.851562,-87.999596,144.227692,138.386459,14.312113,10.829658,118.58238999999999,14.549593
452981,1,10.647605,10.210917,10.355001,9.741011,28825.425781,26663.207031,22908.908203,100.551338,58.851891,-202.011292,5.175587999999999,10.377931,114.15522,5.548426999999999
454171,1,12.256867999999999,10.603136,12.22879,10.862423,32427.935547000005,18322.791016,4731.898438,-77.244026,45.739063,119.94963100000001,73.722549,10.359687,276.148956,0.90914
454172,1,12.019088,10.198094000000001,11.989391,10.724849,32754.402344,18378.949219,4924.331055,-114.50546999999999,70.126266,-61.963249,43.151237,10.262887,288.518311,0.66647
455291,1,12.244309,11.351241,12.164995,10.834651,29586.087891000003,34566.152344,7716.74707,44.66592,31.135429,-3.018573,104.739822,10.206805000000001,207.933685,1.127709
455292,1,11.568753,10.738966,11.422238,10.708785,29534.615233999997,34519.742188,7721.373535,101.950401,101.919838,91.902969,14.617560999999998,11.223780999999999,195.997803,13.198004000000001
455293,1,10.839177000000001,9.976137,10.766766,9.055406,29611.65625,34836.0,7773.246581999999,211.258575,-38.094028,9.282928,16.175446,10.414823,82.307602,11.619174000000001
456326,1,12.304967,11.134661999999999,12.247834,11.050422,2362.4448239999997,18589.837891,8134.680176000001,-143.660797,-6.051253,67.622398,69.39518000000001,11.486132000000001,244.97981299999998,15.456151
456327,1,11.261513,10.367694,11.122561,10.425487,2438.6357420000004,18652.078125,8060.289062000001,-86.372757,35.594574,-101.474953,10.537388,10.692219999999999,165.911652,5.4162669999999995
457431,1,12.365691,11.020954,12.327452000000001,10.956396,1381.7382810000001,19762.910156,6413.621094,-67.45976999999999,92.691544,124.078102,87.881226,10.419205,312.405548,0.8147
457432,1,11.506082000000001,10.414764,11.415576,10.534984,1326.453125,19871.035156,6286.189453,-171.706085,25.95129,86.73693100000001,16.628292000000002,10.738377,175.69671599999998,5.371306
458470,1,12.366442,11.142296,12.314604,11.08845,3232.3901370000003,22824.832031,32372.552733999997,26.126057,20.804495000000003,-53.138954000000005,70.528046,10.407434,298.529877,0.868353
458471,1,11.222365,10.114763,11.179069,9.447196,3072.3330079999996,22940.615234,32664.945312,-0.24013600000000002,145.157654,-207.812958,25.737576,10.61244,104.866005,11.282506
458472,1,10.68338,9.615289,10.588509,9.72597,3178.07666,22834.746094,32503.474608999997,147.202545,35.140831,-123.35966499999999,6.798713,10.292262,104.570328,5.428561
459557,1,11.920198,10.672825,11.870178,10.63623,7686.480469,25456.988281,25812.951172,34.816998,-114.227768,-178.889404,52.390953,10.258479,261.174408,0.805099
459559,1,11.537372999999999,10.549255,11.446676,10.469847999999999,7776.581543000001,25582.957031,25898.896484,65.312836,-33.565273,-391.755859,19.193735,11.045535000000001,173.144608,11.218875
460722,1,12.214944000000001,11.319061,12.147995,10.411850999999999,11706.742188,22433.332031,21356.275391,-177.8983,280.640167,7.80059,117.64636200000001,10.829336999999999,155.516846,8.453074
460723,1,11.183726,10.361362,11.058085,10.185411,11674.066406,22396.210938,21310.962891,-31.061535,381.590271,-23.532545000000002,10.776323,10.139292999999999,159.785507,1.6347909999999999
460724,1,11.061509,10.378579,10.908635,10.011257,11689.106445,22369.849609,21417.357422,-286.82824700000003,196.064804,15.090104,11.227477,10.571272,125.62851699999999,7.150401
460725,1,11.090328,10.116566,10.986156,10.117746,11776.384766,22434.794922,21464.625,-319.97027599999996,257.792938,-43.790154,9.025707,9.8706,162.676727,0.849582
460726,1,11.022692999999999,10.095343,10.89712,10.144921,11768.253906,22440.136719,21364.320312,-186.94276399999998,335.617889,15.22035,9.313965,10.359838,143.138611,3.384978
461785,1,12.446368,10.800324,12.411777,11.177771,2847.86084,6254.226562,24620.898438,-132.739609,-77.122063,109.170799,81.050301,10.239301,270.24945099999997,0.7194550000000001
462710,1,12.409714,11.041814,12.369492,11.067636,16578.347656,23748.970703,34034.984375,19.737946,-25.752316,-64.914787,97.605751,10.520403,354.60672,0.798251
464163,1,12.360704,11.207608,12.307910000000001,11.004846,9431.239258,19605.140625,11135.916016,-118.133575,140.440887,88.136566,78.23195600000001,10.314793,268.769318,0.865511
464164,1,11.201021,10.121004,11.144296,9.793914,9141.405273,19686.082031,11296.020508,-122.89000700000001,227.326904,12.027944999999999,16.456709,10.601738000000001,127.28276799999999,7.4718800000000005
465255,1,12.424887,10.953339,12.394465,10.953486,20776.222656,26826.15625,23933.152344,-149.13295,-72.53756700000001,-77.143478,79.981964,10.554607,326.298767,1.0200280000000002
465256,1,11.034935,10.006018,10.98731,9.045736,20672.080078,26943.402344,24283.935547,-283.065918,-102.502525,-259.948883,26.479929,10.495534,82.809647,13.823179000000001
466549,1,12.289104,10.970963000000001,12.249,10.891233,9729.108398,10228.486328,2838.612549,-63.290928,-234.73449700000003,-78.769737,72.745979,10.536174,338.856567,0.9065110000000001
466550,1,11.675415,10.214112,11.620737,10.596889,9705.201172,10359.072266,2986.559814,72.538857,-168.232254,-165.397278,24.701620000000002,8.107672,205.109253,0.009224
467415,1,12.316791,11.089008999999999,12.264522999999999,11.050036,22423.462891,26544.957031,23119.53125,-138.94288600000002,-1.219481,24.707478,73.344269,11.085815,283.605652,4.5879129999999995
467416,1,11.206584,10.120844,11.154489,9.696613000000001,22266.400391,26416.902344,23378.730469,-38.553146000000005,-238.062225,-9.373513,22.681932,10.633289,107.85231,11.190897
468590,1,12.397632000000002,10.859571,12.360028,11.128983,3614.530762,1956.319946,24783.533203,34.81353,0.736963,-14.676506,73.97539499999999,10.539335000000001,316.040497,1.0497370000000001
469487,1,12.268543,10.86076,12.230891999999999,10.910208,10229.130859,19648.550781,25360.619141,-48.008293,98.949669,-206.94873,80.735031,10.302802999999999,269.648682,0.836443
469488,1,11.617844999999999,10.6318,11.534052,10.47493,10189.251953,19783.765625,25398.080078,92.273888,182.121078,-178.012878,21.206163,9.936411,191.804688,0.711091
470345,1,12.370334,11.082868,12.322989999999999,11.083021,1464.206909,26288.949219,23707.792969,252.574768,95.456802,-65.613449,68.879799,10.487566000000001,341.3797,0.798584
471248,1,12.386324,10.500161,12.359573,11.055219000000001,11562.287109,23595.693359,21916.941406,-270.433746,88.645096,-111.89850600000001,67.603218,10.502099000000001,299.127075,1.075518
471249,1,10.744936000000001,9.611517999999998,10.677684,9.5878,11587.55957,23657.646484,21891.783203,-12.902047,146.53225700000002,19.878637,7.481897,10.218421000000001,108.21964299999999,4.2761260000000005
471996,1,12.282672,11.028813000000001,12.233281,10.995633,11237.430664,18120.78125,3222.565918,-2.0063619999999998,-98.599838,-30.46858,63.8349,10.348365,275.257874,0.891491
471997,1,11.118383999999999,9.863769,11.02773,10.239229,11225.666992,18094.814453,3275.137451,-177.99263,-285.613525,-143.246994,7.909337,10.040078,197.56044,0.850959
471998,1,10.972878,9.833509,10.880986,10.044561999999999,11247.838867,18056.326172,3362.280518,65.020065,-19.946175,-144.347519,8.357267,10.443336,134.259521,4.6631860000000005
472548,1,12.360906,11.070758,12.315436,11.041959,31663.800781,16189.910156,3304.591309,-134.99293500000002,37.749653,103.346649,74.530266,10.419494,328.551117,0.737099
